  {
      "frame0": [
        { "text1": "Pro.Beyond.", "text2": "IPhone 14 Pro","text3": "Created to change everything for the better. For everyone" }
      
      ],
      "frame1": [
        {
          "text1": "Playstation 5",
          "text2": "Incredibly powerful CPUs, GPUs, and an SSD with integrated I/O will redefine your PlayStation experience.",
          "text3": "Apple AirPods Max",
          "text4": "Computational audio. Listen, it's powerful",
          "text5": "Apple Vision Pro",
          "text6": "An immersive way to experience entertainment",
          "text7": "Macbook Air"
        }
      ],
      "frame3": [
        {
            "id": "1",
            "img": "./src/assets/apple3.png",
            "text1": "Apple iPhone 14 Pro Max 128GB Deep Purple (MQ9T3RX/A)",
            "text2": "$900"
        },
        {
            "id": "2",
            "img": "./src/assets/kamera3.png",
            "text1": "Blackmagic Pocket Cinema Camera 6k",
            "text2": "$2535"
    
        },
        {
          "id": "3",
          "img": "./src/assets/akillisaat3.png",
          "text1": "Apple Watch Series 9 with GPS and 41mm Starlight Aluminium Case",
          "text2": "$399"
   
      },
      {
        "id": "4",
        "img": "./src/assets/kulaklik3.png",
        "text1": "AirPods Max Silver",
        "text2": "$549"
    },
    {
      "id": "5",
      "img": "./src/assets/sporsaat3.png",
      "text1": "Samsung Galaxy Watch6 Classic with 47mm Black.",
      "text2": "$369"
  },
  {
    "id": "6",
    "img": "./src/assets/samsung3.png",
    "text1": "Galaxy Z Fold5 Unlocked with|256GB|Phantom Black",
    "text2": "$1799"
  },
  {
    "id": "7",
    "img": "./src/assets/mini-kulaklık3.png",
    "text1": "Galaxy Buds FE in Graphite",
    "text2": "$99.99"
  }, {
    "id": "8",
    "img": "./src/assets/tablet3.png",
    "text1": "Apple iPad 9 with 10.2 64GB Wi-Fi in Silver (MK2L3) 2021",
    "text2": "$398"
  }
    
    ],
    "frame4": [
      {
          "id": "1",
          "img": "./src/assets/as.png",
          "text1": "Popular Products",
          "text2": "iPad combines a magnificent 10.2-inch Retina display, incredible performance, multitasking and ease of use."
      },
      {
          "id": "2",
          "img": "./src/assets/tablet4.png",
          "text1": "Ipad Pro",
          "text2": "iPad combines a magnificent 10.2-inch Retina display, incredible performance, multitasking and ease of use."
  
      },
      {
        "id": "3",
        "img": "./src/assets/telefon4.png",
        "text1": "Samsung Galaxy",
        "text2": "iPad combines a magnificent 10.2-inch Retina display, incredible performance, multitasking and ease of use."
 
    },
    {
      "id": "4",
      "img": "./src/assets/mac4.png",
      "text1": "Macbook Pro",
      "text2": "iPad combines a magnificent 10.2-inch Retina display, incredible performance, multitasking and ease of use."
      
    }
    ],
    "frame5": [
      {
          "id": "1",
          "img": "../src/assets/apple5.png",
          "text1": "Apple iPhone 14 Pro 512GB Gold (MQ233)",
          "text2": "$1437",
          "text3":"Discounts up to -50%"
      },
      {
          "id": "2",
          "img": "../src/assets/airpods5.png",
          "text1": "AirPods Max Silver",
          "text2": "$549"
  
      },
      {
        "id": "3",
        "img": "../src/assets/akillisaat5.png",
        "text1": "Apple Watch Series 9 with GPS and 41mm Starlight Aluminium Case",
        "text2": "$399"
 
    },
    {
      "id": "4",
      "img": "../src/assets/apple5-1.png",
      "text1": "Apple iPhone 14 Pro 1TB Deep Gold(MQ2V3)",
      "text2": "$1499"
      
    }
    ],

    "frame6": [
      { "img1": "./src/assets/tablet6.png",
      "img2": "./src/assets/tablet2-6.png",
      "img3": "./src/assets/tablet3-6.png",
      "img4": "./src/assets/saat6.png",   
      "img5": "./src/assets/telefon6.png"
    }
    
    ],

  "shop":[
    {
        "id": "1",
        "img": "../src/assets/shop/1.svg",
        "text1": "Apple iPhone 14 Pro 512GB Gold (MQ233)",
        "text2": "$1437",
        "text3":"apple" ,
        "text4":"Screen size",
        "text5":"6.1''",
        "text6":"CPU",
        "text7":"A15 Bionic",
        "text8":"Number of Cores",
        "text9":"6",
        "text10":"Main Camera",
        "text11":"48-12 -12 MP",
        "text12":"Front-camera",
        "text13":"12 MP",
        "text14":"Battery capacity",
        "text15":"4323 mAh",
        "text16":"The screen resolution",
        "text17":"2796x1290",
        "text18":"The screen refresh rate",
        "text19":"120 Hz",
        "text20":"The pixel density",
        "text21":"460 ppi",
        "text22":"Screen type",
        "text23":"OLED"
    },
    {
        "id": "2",
        "img": "../src/assets/shop/2.svg",
        "text1": "Apple iPhone 11 128GB White (MQ233)",
        "text2": "$510",
        "text3":"apple",
        "text4":"Screen size",
        "text5":"6.1''",
        "text6":"CPU",
        "text7":"A15 Bionic",
        "text8":"Number of Cores",
        "text9":"6",
        "text10":"Main Camera",
        "text11":"48-12 -12 MP",
        "text12":"Front-camera",
        "text13":"12 MP",
        "text14":"Battery capacity",
        "text15":"4323 mAh",
        "text16":"The screen resolution",
        "text17":"2796x1290",
        "text18":"The screen refresh rate",
        "text19":"120 Hz",
        "text20":"The pixel density",
        "text21":"460 ppi"  ,
        "text22":"Screen type",
        "text23":"OLED"
    },
    {
      "id": "3",
      "img": "../src/assets/shop/2.svg",
      "text1": "Apple iPhone 11 128GB White (MQ233)",
      "text2": "$550",
      "text3":"apple",
      "text4":"Screen size",
      "text5":"6.1''",
      "text6":"CPU",
      "text7":"A15 Bionic",
      "text8":"Number of Cores",
      "text9":"6",
      "text10":"Main Camera",
      "text11":"48-12 -12 MP",
      "text12":"Front-camera",
      "text13":"12 MP",
      "text14":"Battery capacity",
      "text15":"4323 mAh",
      "text16":"The screen resolution",
      "text17":"2796x1290",
      "text18":"The screen refresh rate",
      "text19":"120 Hz",
      "text20":"The pixel density",
      "text21":"460 ppi",
      "text22":"Screen type",
      "text23":"OLED"  
    },  {
      "id": "4",
      "img": "../src/assets/shop/4.svg",
      "text1": "Apple iPhone 14 Pro 1TB Gold (MQ2V3)",
      "text2": "$1499",
      "text3":"apple",
      "text4":"Screen size",
      "text5":"6.1''",
      "text6":"CPU",
      "text7":"A15 Bionic",
      "text8":"Number of Cores",
      "text9":"6",
      "text10":"Main Camera",
      "text11":"48-12 -12 MP",
      "text12":"Front-camera",
      "text13":"12 MP",
      "text14":"Battery capacity",
      "text15":"4323 mAh",
      "text16":"The screen resolution",
      "text17":"2796x1290",
      "text18":"The screen refresh rate",
      "text19":"120 Hz",
      "text20":"The pixel density",
      "text21":"460 ppi",
      "text22":"Screen type",
      "text23":"OLED"  
  },
  {
      "id": "5",
      "img": "../src/assets/shop/1.svg",
      "text1": "Apple iPhone 14 Pro 1TB Gold (MQ2V3)",
      "text2": "$1399",
      "text3":"apple",
      "text4":"Screen size",
      "text5":"6.1''",
      "text6":"CPU",
      "text7":"A15 Bionic",
      "text8":"Number of Cores",
      "text9":"6",
      "text10":"Main Camera",
      "text11":"48-12 -12 MP",
      "text12":"Front-camera",
      "text13":"12 MP",
      "text14":"Battery capacity",
      "text15":"4323 mAh",
      "text16":"The screen resolution",
      "text17":"2796x1290",
      "text18":"The screen refresh rate",
      "text19":"120 Hz",
      "text20":"The pixel density",
      "text21":"460 ppi",
      "text22":"Screen type",
      "text23":"OLED"  
  },
  {
    "id": "6",
    "img": "../src/assets/shop/6.svg",
    "text1": "Apple iPhone 14 Pro 128GB Deep Purple (MQ0G3)",
    "text2": "$1600",
    "text3":"apple",
    "text4":"Screen size",
    "text5":"6.1''",
    "text6":"CPU",
    "text7":"A15 Bionic",
    "text8":"Number of Cores",
    "text9":"6",
    "text10":"Main Camera",
    "text11":"48-12 -12 MP",
    "text12":"Front-camera",
    "text13":"12 MP",
    "text14":"Battery capacity",
    "text15":"4323 mAh",
    "text16":"The screen resolution",
    "text17":"2796x1290",
    "text18":"The screen refresh rate",
    "text19":"120 Hz",
    "text20":"The pixel density",
    "text21":"460 ppi",
    "text22":"Screen type",
    "text23":"OLED"  
  },  {
    "id": "7",
    "img": "../src/assets/shop/7.svg",
    "text1": "Apple iPhone 13 mini 128GB Pink (MLK23)",
    "text2": "$850",
    "text3":"apple",
    "text4":"Screen size",
    "text5":"6.1''",
    "text6":"CPU",
    "text7":"A15 Bionic",
    "text8":"Number of Cores",
    "text9":"6",
    "text10":"Main Camera",
    "text11":"48-12 -12 MP",
    "text12":"Front-camera",
    "text13":"12 MP",
    "text14":"Battery capacity",
    "text15":"4323 mAh",
    "text16":"The screen resolution",
    "text17":"2796x1290",
    "text18":"The screen refresh rate",
    "text19":"120 Hz",
    "text20":"The pixel density",
    "text21":"460 ppi",
    "text22":"Screen type",
    "text23":"OLED"  
},
{
    "id": "8",
    "img": "../src/assets/shop/8.svg",
    "text1": "Apple iPhone 14 Pro 256GB Space Black (MQ0T3)",
    "text2": "$1399",
    "text3":"apple",
    "text4":"Screen size",
    "text5":"6.1''",
    "text6":"CPU",
    "text7":"A15 Bionic",
    "text8":"Number of Cores",
    "text9":"6",
    "text10":"Main Camera",
    "text11":"48-12 -12 MP",
    "text12":"Front-camera",
    "text13":"12 MP",
    "text14":"Battery capacity",
    "text15":"4323 mAh",
    "text16":"The screen resolution",
    "text17":"2796x1290",
    "text18":"The screen refresh rate",
    "text19":"120 Hz",
    "text20":"The pixel density",
    "text21":"460 ppi",
    "text22":"Screen type",
    "text23":"OLED"  

},
{
  "id": "9",
  "img": "../src/assets/shop/4.svg",
  "text1": "Apple iPhone 14 Pro 256GB Silver (MQ103)",
  "text2": "$1399",
  "text3":"apple",
  "text4":"Screen size",
  "text5":"6.1''",
  "text6":"CPU",
  "text7":"A15 Bionic",
  "text8":"Number of Cores",
  "text9":"6",
  "text10":"Main Camera",
  "text11":"48-12 -12 MP",
  "text12":"Front-camera",
  "text13":"12 MP",
  "text14":"Battery capacity",
  "text15":"4323 mAh",
  "text16":"The screen resolution",
  "text17":"2796x1290",
  "text18":"The screen refresh rate",
  "text19":"120 Hz",
  "text20":"The pixel density",
  "text21":"460 ppi",
  "text22":"Screen type",
  "text23":"OLED"  
},
 {
  "id": "10",
  "img": "../src/assets/shop/4.svg",
  "text1": "Apple iPhone 14 Pro 512GB Gold (MQ233)",
  "text2": "$1437",
  "text3":"apple",
  "text4":"Screen size",
  "text5":"6.1''",
  "text6":"CPU",
  "text7":"A15 Bionic",
  "text8":"Number of Cores",
  "text9":"6",
  "text10":"Main Camera",
  "text11":"48-12 -12 MP",
  "text12":"Front-camera",
  "text13":"12 MP",
  "text14":"Battery capacity",
  "text15":"4323 mAh",
  "text16":"The screen resolution",
  "text17":"2796x1290",
  "text18":"The screen refresh rate",
  "text19":"120 Hz",
  "text20":"The pixel density",
  "text21":"460 ppi",
  "text22":"Screen type",
  "text23":"OLED"  
},
{
  "id": "11",
  "img": "../src/assets/shop/1.svg",
  "text1": "Apple iPhone 11 128GB White (MQ233)",
  "text2": "$510",
  "text3":"apple",
  "text4":"Screen size",
  "text5":"6.1''",
  "text6":"CPU",
  "text7":"A15 Bionic",
  "text8":"Number of Cores",
  "text9":"6",
  "text10":"Main Camera",
  "text11":"48-12 -12 MP",
  "text12":"Front-camera",
  "text13":"12 MP",
  "text14":"Battery capacity",
  "text15":"4323 mAh",
  "text16":"The screen resolution",
  "text17":"2796x1290",
  "text18":"The screen refresh rate",
  "text19":"120 Hz",
  "text20":"The pixel density",
  "text21":"460 ppi",
  "text22":"Screen type",
  "text23":"OLED"  

},
{
"id": "12",
"img": "../src/assets/shop/6.svg",
"text1": "Apple iPhone 11 128GB White (MQ233)",
"text2": "$550",
"text3":"apple",
"text4":"Screen size",
"text5":"6.1''",
"text6":"CPU",
"text7":"A15 Bionic",
"text8":"Number of Cores",
"text9":"6",
"text10":"Main Camera",
"text11":"48-12 -12 MP",
"text12":"Front-camera",
"text13":"12 MP",
"text14":"Battery capacity",
"text15":"4323 mAh",
"text16":"The screen resolution",
"text17":"2796x1290",
"text18":"The screen refresh rate",
"text19":"120 Hz",
"text20":"The pixel density",
"text21":"460 ppi",
"text22":"Screen type",
"text23":"OLED"  
},  {
"id": "13",
"img": "../src/assets/shop/8.svg",
"text1": "Apple iPhone 14 Pro 1TB Gold (MQ2V3)",
"text2": "$1499",
"text3":"apple",
"text4":"Screen size",
"text5":"6.1''",
"text6":"CPU",
"text7":"A15 Bionic",
"text8":"Number of Cores",
"text9":"6",
"text10":"Main Camera",
"text11":"48-12 -12 MP",
"text12":"Front-camera",
"text13":"12 MP",
"text14":"Battery capacity",
"text15":"4323 mAh",
"text16":"The screen resolution",
"text17":"2796x1290",
"text18":"The screen refresh rate",
"text19":"120 Hz",
"text20":"The pixel density",
"text21":"460 ppi",
"text22":"Screen type",
"text23":"OLED"  
},
{
"id": "14",
"img": "../src/assets/shop/1.svg",
"text1": "Apple iPhone 14 Pro 1TB Gold (MQ2V3)",
"text2": "$1399",
"text3":"apple",
"text4":"Screen size",
"text5":"6.1''",
"text6":"CPU",
"text7":"A15 Bionic",
"text8":"Number of Cores",
"text9":"6",
"text10":"Main Camera",
"text11":"48-12 -12 MP",
"text12":"Front-camera",
"text13":"12 MP",
"text14":"Battery capacity",
"text15":"4323 mAh",
"text16":"The screen resolution",
"text17":"2796x1290",
"text18":"The screen refresh rate",
"text19":"120 Hz",
"text20":"The pixel density",
"text21":"460 ppi",
"text22":"Screen type",
"text23":"OLED"  

},
{
"id": "15",
"img": "../src/assets/shop/4.svg",
"text1": "Apple iPhone 14 Pro 128GB Deep Purple (MQ0G3)",
"text2": "$1600",
"text3":"apple",
"text4":"Screen size",
"text5":"6.1''",
"text6":"CPU",
"text7":"A15 Bionic",
"text8":"Number of Cores",
"text9":"6",
"text10":"Main Camera",
"text11":"48-12 -12 MP",
"text12":"Front-camera",
"text13":"12 MP",
"text14":"Battery capacity",
"text15":"4323 mAh",
"text16":"The screen resolution",
"text17":"2796x1290",
"text18":"The screen refresh rate",
"text19":"120 Hz",
"text20":"The pixel density",
"text21":"460 ppi",
"text22":"Screen type",
"text23":"OLED"  
},  {
"id": "16",
"img": "../src/assets/shop/6.svg",
"text1": "Apple iPhone 13 mini 128GB Pink (MLK23)",
"text2": "$850",
"text3":"apple",
"text4":"Screen size",
"text5":"6.1''",
"text6":"CPU",
"text7":"A15 Bionic",
"text8":"Number of Cores",
"text9":"6",
"text10":"Main Camera",
"text11":"48-12 -12 MP",
"text12":"Front-camera",
"text13":"12 MP",
"text14":"Battery capacity",
"text15":"4323 mAh",
"text16":"The screen resolution",
"text17":"2796x1290",
"text18":"The screen refresh rate",
"text19":"120 Hz",
"text20":"The pixel density",
"text21":"460 ppi",
"text22":"Screen type",
"text23":"OLED"  
},
{
"id": "17",
"img": "../src/assets/shop/8.svg",
"text1": "Apple iPhone 14 Pro 256GB Space Black (MQ0T3)",
"text2": "$1399",
"text3":"apple",
"text4":"Screen size",
"text5":"6.1''",
"text6":"CPU",
"text7":"A15 Bionic",
"text8":"Number of Cores",
"text9":"6",
"text10":"Main Camera",
"text11":"48-12 -12 MP",
"text12":"Front-camera",
"text13":"12 MP",
"text14":"Battery capacity",
"text15":"4323 mAh",
"text16":"The screen resolution",
"text17":"2796x1290",
"text18":"The screen refresh rate",
"text19":"120 Hz",
"text20":"The pixel density",
"text21":"460 ppi",
"text22":"Screen type",
"text23":"OLED"  

},
{
"id": "18",
"img": "../src/assets/shop/4.svg",
"text1": "Apple iPhone 14 Pro 256GB Silver (MQ103)",
"text2": "$1399",
"text3":"apple",
"text4":"Screen size",
"text5":"6.1''",
"text6":"CPU",
"text7":"A15 Bionic",
"text8":"Number of Cores",
"text9":"6",
"text10":"Main Camera",
"text11":"48-12 -12 MP",
"text12":"Front-camera",
"text13":"12 MP",
"text14":"Battery capacity",
"text15":"4323 mAh",
"text16":"The screen resolution",
"text17":"2796x1290",
"text18":"The screen refresh rate",
"text19":"120 Hz",
"text20":"The pixel density",
"text21":"460 ppi",
"text22":"Screen type",
"text23":"OLED"  
},

 {
  "id": "19",
  "img": "../src/assets/shop/1.svg",
  "text1": "Apple iPhone 14 Pro 512GB Gold (MQ233)",
  "text2": "$1437",
  "text3":"apple",
  "text4":"Screen size",
  "text5":"6.1''",
  "text6":"CPU",
  "text7":"A15 Bionic",
  "text8":"Number of Cores",
  "text9":"6",
  "text10":"Main Camera",
  "text11":"48-12 -12 MP",
  "text12":"Front-camera",
  "text13":"12 MP",
  "text14":"Battery capacity",
  "text15":"4323 mAh",
  "text16":"The screen resolution",
  "text17":"2796x1290",
  "text18":"The screen refresh rate",
  "text19":"120 Hz",
  "text20":"The pixel density",
  "text21":"460 ppi",
  "text22":"Screen type",
  "text23":"OLED"  
},
{
  "id": "20",
  "img": "../src/assets/shop/2.svg",
  "text1": "Apple iPhone 11 128GB White (MQ233)",
  "text2": "$510",
  "text3":"apple",
  "text4":"Screen size",
  "text5":"6.1''",
  "text6":"CPU",
  "text7":"A15 Bionic",
  "text8":"Number of Cores",
  "text9":"6",
  "text10":"Main Camera",
  "text11":"48-12 -12 MP",
  "text12":"Front-camera",
  "text13":"12 MP",
  "text14":"Battery capacity",
  "text15":"4323 mAh",
  "text16":"The screen resolution",
  "text17":"2796x1290",
  "text18":"The screen refresh rate",
  "text19":"120 Hz",
  "text20":"The pixel density",
  "text21":"460 ppi",
  "text22":"Screen type",
  "text23":"OLED"

},
{
"id": "21",
"img": "../src/assets/shop/4.svg",
"text1": "Apple iPhone 11 128GB White (MQ233)",
"text2": "$550",
"text3":"apple",
"text4":"Screen size",
"text5":"6.1''",
"text6":"CPU",
"text7":"A15 Bionic",
"text8":"Number of Cores",
"text9":"6",
"text10":"Main Camera",
"text11":"48-12 -12 MP",
"text12":"Front-camera",
"text13":"12 MP",
"text14":"Battery capacity",
"text15":"4323 mAh",
"text16":"The screen resolution",
"text17":"2796x1290",
"text18":"The screen refresh rate",
"text19":"120 Hz",
"text20":"The pixel density",
"text21":"460 ppi",
"text22":"Screen type",
"text23":"OLED"  
},  {
"id": "22",
"img": "../src/assets/shop/4.svg",
"text1": "Apple iPhone 14 Pro 1TB Gold (MQ2V3)",
"text2": "$1499",
"text3":"apple",
"text4":"Screen size",
"text5":"6.1''",
"text6":"CPU",
"text7":"A15 Bionic",
"text8":"Number of Cores",
"text9":"6",
"text10":"Main Camera",
"text11":"48-12 -12 MP",
"text12":"Front-camera",
"text13":"12 MP",
"text14":"Battery capacity",
"text15":"4323 mAh",
"text16":"The screen resolution",
"text17":"2796x1290",
"text18":"The screen refresh rate",
"text19":"120 Hz",
"text20":"The pixel density",
"text21":"460 ppi",
"text22":"Screen type",
"text23":"OLED"  
},
{
"id": "23",
"img": "../src/assets/shop/6.svg",
"text1": "Apple iPhone 14 Pro 1TB Gold (MQ2V3)",
"text2": "$1399",
"text3":"apple",
"text4":"Screen size",
"text5":"6.1''",
"text6":"CPU",
"text7":"A15 Bionic",
"text8":"Number of Cores",
"text9":"6",
"text10":"Main Camera",
"text11":"48-12 -12 MP",
"text12":"Front-camera",
"text13":"12 MP",
"text14":"Battery capacity",
"text15":"4323 mAh",
"text16":"The screen resolution",
"text17":"2796x1290",
"text18":"The screen refresh rate",
"text19":"120 Hz",
"text20":"The pixel density",
"text21":"460 ppi",
"text22":"Screen type",
"text23":"OLED"  

},
{
"id": "24",
"img": "../src/assets/shop/8.svg",
"text1": "Apple iPhone 14 Pro 128GB Deep Purple (MQ0G3)",
"text2": "$1600",
"text3":"samsung",
"text4":"Screen size",
"text5":"6.1''",
"text6":"CPU",
"text7":"A15 Bionic",
"text8":"Number of Cores",
"text9":"6",
"text10":"Main Camera",
"text11":"48-12 -12 MP",
"text12":"Front-camera",
"text13":"12 MP",
"text14":"Battery capacity",
"text15":"4323 mAh",
"text16":"The screen resolution",
"text17":"2796x1290",
"text18":"The screen refresh rate",
"text19":"120 Hz",
"text20":"The pixel density",
"text21":"460 ppi",
"text22":"Screen type",
"text23":"OLED"  
},  {
"id": "25",
"img": "../src/assets/shop/4.svg",
"text1": "Apple iPhone 13 mini 128GB Pink (MLK23)",
"text2": "$850",
"text3":"apple",
"text4":"Screen size",
"text5":"6.1''",
"text6":"CPU",
"text7":"A15 Bionic",
"text8":"Number of Cores",
"text9":"6",
"text10":"Main Camera",
"text11":"48-12 -12 MP",
"text12":"Front-camera",
"text13":"12 MP",
"text14":"Battery capacity",
"text15":"4323 mAh",
"text16":"The screen resolution",
"text17":"2796x1290",
"text18":"The screen refresh rate",
"text19":"120 Hz",
"text20":"The pixel density",
"text21":"460 ppi",
"text22":"Screen type",
"text23":"OLED"  
},
{
"id": "26",
"img": "../src/assets/shop/6.svg",
"text1": "Apple iPhone 14 Pro 256GB Space Black (MQ0T3)",
"text2": "$1399",
"text3":"pocco",
"text4":"Screen size",
"text5":"6.1''",
"text6":"CPU",
"text7":"A15 Bionic",
"text8":"Number of Cores",
"text9":"6",
"text10":"Main Camera",
"text11":"48-12 -12 MP",
"text12":"Front-camera",
"text13":"12 MP",
"text14":"Battery capacity",
"text15":"4323 mAh",
"text16":"The screen resolution",
"text17":"2796x1290",
"text18":"The screen refresh rate",
"text19":"120 Hz",
"text20":"The pixel density",
"text21":"460 ppi",
"text22":"Screen type",
"text23":"OLED"  

},
{
"id": "27",
"img": "../src/assets/shop/1.svg",
"text1": "Apple iPhone 14 Pro 256GB Silver (MQ103)",
"text2": "$1399",
"text3":"nokia",
"text4":"Screen size",
"text5":"6.1''",
"text6":"CPU",
"text7":"A15 Bionic",
"text8":"Number of Cores",
"text9":"6",
"text10":"Main Camera",
"text11":"48-12 -12 MP",
"text12":"Front-camera",
"text13":"12 MP",
"text14":"Battery capacity",
"text15":"4323 mAh",
"text16":"The screen resolution",
"text17":"2796x1290",
"text18":"The screen refresh rate",
"text19":"120 Hz",
"text20":"The pixel density",
"text21":"460 ppi",
"text22":"Screen type",
"text23":"OLED"  
}
  ],
  "comment": [
    {
      "productId": "1",
      "img": "../src/assets/shop/User Pic.svg",
      "userName": "John Doe",
      "date": "2023-05-01",
      "stars": 5,
      "commentText": "I was a bit nervous to be buying a secondhand phone from Amazon, but I couldn’t be happier with my purchase!! I have a pre-paid data plan so I was worried that this phone wouldn’t connect with my data plan, since the new phones don’t have the physical Sim tray anymore, but couldn’t have been easier! I bought an Unlocked black iPhone 14 Pro Max in excellent condition and everything is PERFECT. It was super easy to set up and the phone works and looks great. It truly was in excellent condition. Highly recommend!!!🖤"
    },
    {
      "productId": "2",
      "img": "../src/assets/shop/user-pic.svg",
      "userName": "Jane Smith",
      "date": "2023-05-02",
      "stars": 4,
      "commentText": "This phone has 1T storage and is durable. Plus all the new iPhones have a C port! Apple is phasing out the current ones! (All about the Benjamin’s) So if you want a phone that’s going to last grab an iPhone 14 pro max and get several cords and plugs."
    },
    {
      "productId": "3",
      "img": "../src/assets/shop/User Pic (2).svg",
      "img1":"../src/assets/shop/two-img1.svg",
      "img2":"../src/assets/shop/two-img2.svg",
      "userName": "Michael Brown",
      "date": "2023-05-03",
      "stars": 3,
      "commentText": "I might be the only one to say this but the camera is a little funky. Hoping it will change with a software update: otherwise, love this phone! Came in great condition"
    },
     {
      "productId": "4",
      "img": "../src/assets/shop/User Pic.svg",
      "userName": "John Doe",
      "date": "2023-05-01",
      "stars": 5,
      "commentText": "I was a bit nervous to be buying a secondhand phone from Amazon, but I couldn’t be happier with my purchase!! I have a pre-paid data plan so I was worried that this phone wouldn’t connect with my data plan, since the new phones don’t have the physical Sim tray anymore, but couldn’t have been easier! I bought an Unlocked black iPhone 14 Pro Max in excellent condition and everything is PERFECT. It was super easy to set up and the phone works and looks great. It truly was in excellent condition. Highly recommend!!!🖤"
    },
    {
      "productId": "5",
      "img": "../src/assets/shop/user-pic.svg",
      "userName": "Jane Smith",
      "date": "2023-05-02",
      "stars": 4,
      "commentText": "This phone has 1T storage and is durable. Plus all the new iPhones have a C port! Apple is phasing out the current ones! (All about the Benjamin’s) So if you want a phone that’s going to last grab an iPhone 14 pro max and get several cords and plugs."
    }
  ]
  }
  